{"initial_reset_timestamp": 1703170884.5497577, "timestamps": [1703170895.4963677, 1703170906.3920176, 1703170909.706498, 1703170913.3565536, 1703170916.9849117], "episode_lengths": [2296, 2296, 2296, 2296, 2296], "episode_rewards": [137.03999999999658, 137.03999999999658, 137.03999999999658, 137.03999999999658, 137.03999999999658], "episode_types": ["t", "t", "t", "t", "t"]}