{"initial_reset_timestamp": 1703170516.8092406, "timestamps": [1703170517.1449373, 1703170517.34908, 1703170517.406962, 1703170517.4390452, 1703170517.4704945], "episode_lengths": [21, 21, 21, 21, 21], "episode_rewards": [-0.21000000000000005, -0.21000000000000005, -0.21000000000000005, -0.21000000000000005, -0.21000000000000005], "episode_types": ["t", "t", "t", "t", "t"]}