{"initial_reset_timestamp": 1703095608.996537, "timestamps": [1703095615.5579803, 1703095621.9357057, 1703095623.8236644, 1703095625.712276, 1703095627.6125789], "episode_lengths": [1310, 1310, 1310, 1310, 1310], "episode_rewards": [1146.9000000000042, 1146.9000000000042, 1146.9000000000042, 1146.9000000000042, 1146.9000000000042], "episode_types": ["t", "t", "t", "t", "t"]}