{"initial_reset_timestamp": 1703171543.3329544, "timestamps": [1703171555.8086703, 1703171568.341717, 1703171572.337503, 1703171576.3381915, 1703171580.215012], "episode_lengths": [2294, 2294, 2294, 2294, 2294], "episode_rewards": [137.0599999999988, 137.0599999999988, 137.0599999999988, 137.0599999999988, 137.0599999999988], "episode_types": ["t", "t", "t", "t", "t"]}