{"initial_reset_timestamp": 1703170756.5565004, "timestamps": [1703170762.5249174, 1703170768.339816, 1703170770.1734633, 1703170772.0318725, 1703170773.869033], "episode_lengths": [1224, 1224, 1224, 1224, 1224], "episode_rewards": [62.76000000000043, 62.76000000000043, 62.76000000000043, 62.76000000000043, 62.76000000000043], "episode_types": ["t", "t", "t", "t", "t"]}