{"initial_reset_timestamp": 1703171065.8411345, "timestamps": [1703171070.369263, 1703171074.721243, 1703171076.2914145, 1703171077.8508573, 1703171079.370787], "episode_lengths": [994, 994, 994, 994, 994], "episode_rewards": [35.05999999999957, 35.05999999999957, 35.05999999999957, 35.05999999999957, 35.05999999999957], "episode_types": ["t", "t", "t", "t", "t"]}