{"initial_reset_timestamp": 1703170116.9824712, "timestamps": [1703170117.319833, 1703170117.5259352, 1703170117.5799577, 1703170117.6109939, 1703170117.6415467], "episode_lengths": [21, 21, 21, 21, 21], "episode_rewards": [-0.21000000000000005, -0.21000000000000005, -0.21000000000000005, -0.21000000000000005, -0.21000000000000005], "episode_types": ["t", "t", "t", "t", "t"]}