{"initial_reset_timestamp": 1703115228.592976, "timestamps": [1703115234.0222805, 1703115239.3377585, 1703115240.7291353, 1703115242.0890915, 1703115243.4400334], "episode_lengths": [894, 894, 894, 894, 894], "episode_rewards": [1066.0600000000022, 1066.0600000000022, 1066.0600000000022, 1066.0600000000022, 1066.0600000000022], "episode_types": ["t", "t", "t", "t", "t"]}