{"initial_reset_timestamp": 1703114891.530317, "timestamps": [1703114901.4869232, 1703114911.3207138, 1703114914.2116518, 1703114917.1158822, 1703114920.0193198], "episode_lengths": [1857, 1857, 1857, 1857, 1857], "episode_rewards": [1141.4300000000044, 1141.4300000000044, 1141.4300000000044, 1141.4300000000044, 1141.4300000000044], "episode_types": ["t", "t", "t", "t", "t"]}