{"initial_reset_timestamp": 1703149212.5281904, "timestamps": [1703149222.224403, 1703149231.6489012, 1703149234.1516166, 1703149236.5726054, 1703149239.027597], "episode_lengths": [1703, 1703, 1703, 1703, 1703], "episode_rewards": [1087.9700000000148, 1087.9700000000148, 1087.9700000000148, 1087.9700000000148, 1087.9700000000148], "episode_types": ["t", "t", "t", "t", "t"]}