{"initial_reset_timestamp": 1703146099.9021683, "timestamps": [1703146107.3598819, 1703146114.7234979, 1703146116.5789979, 1703146118.4278123, 1703146120.2768946], "episode_lengths": [1299, 1299, 1299, 1299, 1299], "episode_rewards": [1062.010000000004, 1062.010000000004, 1062.010000000004, 1062.010000000004, 1062.010000000004], "episode_types": ["t", "t", "t", "t", "t"]}