{"initial_reset_timestamp": 1703151035.3627894, "timestamps": [1703151040.6814833, 1703151045.8665764, 1703151047.493137, 1703151049.1095603, 1703151050.7130442], "episode_lengths": [975, 975, 975, 975, 975], "episode_rewards": [1070.250000000007, 1070.250000000007, 1070.250000000007, 1070.250000000007, 1070.250000000007], "episode_types": ["t", "t", "t", "t", "t"]}