{"initial_reset_timestamp": 1703171278.6117182, "timestamps": [1703171288.527946, 1703171298.1448848, 1703171301.2515466, 1703171304.3430474, 1703171307.4100208], "episode_lengths": [1846, 1846, 1846, 1846, 1846], "episode_rewards": [61.540000000001776, 61.540000000001776, 61.540000000001776, 61.540000000001776, 61.540000000001776], "episode_types": ["t", "t", "t", "t", "t"]}