{"initial_reset_timestamp": 1703092704.0404968, "timestamps": [1703092707.521471, 1703092710.802998, 1703092711.8427403, 1703092712.8764255, 1703092713.9276962], "episode_lengths": [609, 609, 609, 609, 609], "episode_rewards": [1073.9100000000042, 1073.9100000000042, 1073.9100000000042, 1073.9100000000042, 1073.9100000000042], "episode_types": ["t", "t", "t", "t", "t"]}