{"initial_reset_timestamp": 1703167847.259633, "timestamps": [1703167856.151682, 1703167864.8920803, 1703167867.5082529, 1703167870.0919292, 1703167872.6836228], "episode_lengths": [1848, 1848, 1848, 1848, 1848], "episode_rewards": [1061.5200000000073, 1061.5200000000073, 1061.5200000000073, 1061.5200000000073, 1061.5200000000073], "episode_types": ["t", "t", "t", "t", "t"]}