{"initial_reset_timestamp": 1703170646.2596664, "timestamps": [1703170649.6945066, 1703170653.0434742, 1703170654.3067632, 1703170655.556538, 1703170656.7944062], "episode_lengths": [835, 835, 835, 835, 835], "episode_rewards": [36.64999999999979, 36.64999999999979, 36.64999999999979, 36.64999999999979, 36.64999999999979], "episode_types": ["t", "t", "t", "t", "t"]}