{"initial_reset_timestamp": 1703171241.6802137, "timestamps": [1703171247.4217796, 1703171252.934819, 1703171254.9516628, 1703171256.9452627, 1703171258.9675233], "episode_lengths": [1222, 1222, 1222, 1222, 1222], "episode_rewards": [32.779999999999184, 32.779999999999184, 32.779999999999184, 32.779999999999184, 32.779999999999184], "episode_types": ["t", "t", "t", "t", "t"]}