{"initial_reset_timestamp": 1703092492.0100448, "timestamps": [1703092496.122587, 1703092499.7185283, 1703092500.7874475, 1703092501.8226864, 1703092502.8571806], "episode_lengths": [602, 602, 602, 602, 602], "episode_rewards": [1073.980000000004, 1073.980000000004, 1073.980000000004, 1073.980000000004, 1073.980000000004], "episode_types": ["t", "t", "t", "t", "t"]}