{"initial_reset_timestamp": 1703146878.6075842, "timestamps": [1703146889.1721275, 1703146899.6127949, 1703146902.2866414, 1703146904.9387128, 1703146907.5892062], "episode_lengths": [1871, 1871, 1871, 1871, 1871], "episode_rewards": [1101.2900000000081, 1101.2900000000081, 1101.2900000000081, 1101.2900000000081, 1101.2900000000081], "episode_types": ["t", "t", "t", "t", "t"]}