{"initial_reset_timestamp": 1703171673.6903338, "timestamps": [1703171686.722434, 1703171699.5733314, 1703171703.7471287, 1703171707.857858, 1703171711.91763], "episode_lengths": [2524, 2524, 2524, 2524, 2524], "episode_rewards": [134.7599999999965, 134.7599999999965, 134.7599999999965, 134.7599999999965, 134.7599999999965], "episode_types": ["t", "t", "t", "t", "t"]}