{"initial_reset_timestamp": 1703167411.6235852, "timestamps": [1703167415.497323, 1703167419.206612, 1703167420.3003566, 1703167421.373675, 1703167422.4405978], "episode_lengths": [753, 753, 753, 753, 753], "episode_rewards": [1072.4700000000034, 1072.4700000000034, 1072.4700000000034, 1072.4700000000034, 1072.4700000000034], "episode_types": ["t", "t", "t", "t", "t"]}