{"initial_reset_timestamp": 1703153762.010124, "timestamps": [1703153765.9289484, 1703153769.7243292, 1703153770.8585029, 1703153771.9754305, 1703153773.0890622], "episode_lengths": [780, 780, 780, 780, 780], "episode_rewards": [1072.200000000004, 1072.200000000004, 1072.200000000004, 1072.200000000004, 1072.200000000004], "episode_types": ["t", "t", "t", "t", "t"]}