{"initial_reset_timestamp": 1703148961.3890927, "timestamps": [1703148970.212027, 1703148978.786641, 1703148980.963014, 1703148983.1030939, 1703148985.2505198], "episode_lengths": [1531, 1531, 1531, 1531, 1531], "episode_rewards": [1109.690000000008, 1109.690000000008, 1109.690000000008, 1109.690000000008, 1109.690000000008], "episode_types": ["t", "t", "t", "t", "t"]}