{"initial_reset_timestamp": 1703169387.0397532, "timestamps": [1703169392.0625901], "episode_lengths": [1230], "episode_rewards": [32.69999999999917], "episode_types": ["t", "t"]}