{"initial_reset_timestamp": 1703171488.9704332, "timestamps": [1703171498.960694, 1703171508.6187205, 1703171511.6628559, 1703171514.6601126, 1703171517.6512647], "episode_lengths": [1816, 1816, 1816, 1816, 1816], "episode_rewards": [61.840000000000686, 61.840000000000686, 61.840000000000686, 61.840000000000686, 61.840000000000686], "episode_types": ["t", "t", "t", "t", "t"]}